id;created_date;action_by_enc_id;entity_type;entity_enc_id
1;2025-02-24T07:36:17;864840d7-616d-41f7-b8ac-de0e6218e0fd;13986;60f60ec4-3d5e-4a76-95e7-3c2176aa3490
2;2025-02-24T06:30:25;531f0dca-683c-438d-92be-c47ff38fe6d0;8695;257f654f-ea07-43eb-8a64-a387d6dcdfba
3;2025-02-24T13:19:35;a1991a29-7395-4b71-9b35-c82484f63b16;1526;4cb91759-a6e9-461a-8970-0a3005300295
4;2025-02-24T09:30:20;7e1c4470-0faa-4bc0-ae69-2ed0621ccf5d;10986;a45c445f-f472-401d-8831-8b74fe5a7204
5;2025-02-23T22:07:33;8fdffc7c-96a6-494f-8e99-cf8a72695a06;4403;5888347b-0b54-4308-bf45-7f271ee51214
6;2025-02-23T20:20:10;6a42aeea-e311-43a6-9593-215fcf102a5b;6903;ae8c7c75-a4b5-4f03-bc1b-7d5c88e8a619
7;2025-02-24T06:28:34;a4ad1653-447b-4d5a-8e44-243aa5ed13c3;12351;0a451807-14dd-48f6-a55a-78b80f1aa8be
8;2025-02-24T12:38:50;0bafb2b6-2e7a-4579-aecb-6ba4ca14f902;5929;4f1cedf1-7e0f-4296-82ec-5a37e99af2e7
9;2025-02-24T07:51:30;5f602f4c-30cd-4057-ae70-aa6fac4affa4;15883;79750e26-30fc-4a4a-afda-85d715efb202
10;2025-02-24T04:36:55;38013103-14b1-49b0-8328-288ecef915fd;8618;e888211e-1da2-4a5a-92e7-3adb2995901a
